DateC,Trap,Latitude,Longitude,NumMosquitos,WnvPresent,Spray
2011-09-12,T002,41.95469,-87.800991,8,0,184
2011-09-12,T003,41.964242,-87.757639,28,1,0
2011-09-12,T008,42.008314,-87.77792099999999,1,0,0
2011-09-12,T011,41.944869,-87.832763,2,0,0
2011-09-12,T012,41.991429,-87.747113,3,0,0
2011-09-12,T013,41.923738,-87.785288,1,0,222
2011-09-12,T018,42.010412,-87.66214000000001,3,0,0
2011-09-12,T027,41.984809000000006,-87.728492,42,0,0
2011-09-12,T028,41.986921,-87.689778,5,0,556
2011-09-12,T030,41.899229999999996,-87.716788,22,0,0
2011-09-12,T031,41.801497999999995,-87.763416,3,0,0
2011-09-12,T033,41.906638,-87.701431,7,0,0
2011-09-12,T035,41.763733,-87.742302,5,0,35
2011-09-12,T039,41.911823999999996,-87.726737,4,1,0
2011-09-12,T043,41.857402,-87.694991,1,0,0
2011-09-12,T046,41.891118,-87.65449100000001,3,0,0
2011-09-12,T047,41.868142,-87.696269,5,0,0
2011-09-12,T048,41.867108,-87.654224,21,0,0
2011-09-12,T054,41.921965,-87.632085,7,0,0
2011-09-12,T061,41.801179,-87.679447,10,0,0
2011-09-12,T062,41.800737,-87.71188000000001,1,0,0
2011-09-12,T063,41.82561,-87.72654900000002,22,0,0
2011-09-12,T065,41.778296999999995,-87.752411,30,0,17
2011-09-12,T066,41.77166,-87.703047,11,0,237
2011-09-12,T073,41.773215,-87.60088,2,0,0
2011-09-12,T074,41.822536,-87.66634300000001,4,0,0
2011-09-12,T079,41.766202,-87.562889,3,0,0
2011-09-12,T080,41.754676,-87.612922,2,0,0
2011-09-12,T081,41.821582,-87.62779599999999,1,0,0
2011-09-12,T082,41.803422999999995,-87.642984,21,0,0
2011-09-12,T083,41.754292,-87.590773,3,0,0
2011-09-12,T089,41.723195000000004,-87.64997,1,0,0
2011-09-12,T090,41.868077,-87.666901,3,0,0
2011-09-12,T094,41.720848,-87.666014,6,0,0
2011-09-12,T095,41.704336,-87.70373599999999,18,0,0
2011-09-12,T102,41.750498,-87.605294,2,0,0
2011-09-12,T114,41.798697,-87.736812,23,0,0
2011-09-12,T128,41.704572,-87.56566600000001,3,0,0
2011-09-12,T135,41.662014,-87.72460799999999,8,0,0
2011-09-12,T138,41.726465000000005,-87.585413,17,0,0
2011-09-12,T145,41.878114000000004,-87.629798,27,0,0
2011-09-12,T147,41.932094,-87.700117,5,0,0
2011-09-12,T151,41.916265,-87.800515,79,0,153
2011-09-12,T152,41.846075,-87.716277,1,0,0
2011-09-12,T155,41.776156,-87.778927,13,0,0
2011-09-12,T158,41.682587,-87.707973,1,0,0
2011-09-12,T159,41.732984,-87.649642,1,0,0
2011-09-12,T160,41.903002,-87.68826700000001,4,0,0
2011-09-12,T200,41.678618,-87.559308,16,0,0
2011-09-12,T209,41.740641,-87.546587,8,0,0
2011-09-12,T212,41.680946,-87.535198,4,0,0
2011-09-12,T218,41.948167,-87.730698,6,1,0
2011-09-12,T220,41.963976,-87.69181,1,0,0
2011-09-12,T222,41.925197999999995,-87.746381,3,0,0
2011-09-12,T223,41.973845000000004,-87.805059,10,0,337
2011-09-12,T224,41.947227000000005,-87.67145699999999,1,0,0
2011-09-12,T226,41.793818,-87.654234,5,0,0
2011-09-12,T227,41.728495,-87.60096300000001,12,0,0
2011-09-12,T230,41.904194,-87.756155,25,1,326
2011-09-12,T231,41.98728,-87.666066,1,0,166
2011-09-12,T232,41.912563,-87.66805500000001,1,0,0
2011-09-12,T233,42.009876,-87.807277,16,0,0
2011-09-12,T235,41.776428,-87.627096,3,0,0
2011-09-12,T236,41.994679,-87.770899,2,0,0
2011-09-12,T237,41.738903,-87.69544300000001,4,0,0
2011-09-12,T238,41.753391,-87.70739399999998,12,0,75
2011-09-12,T900,41.974689000000005,-87.89061500000001,66,1,0
2011-09-12,T903,41.957799,-87.930995,45,0,0
2011-09-16,T002,41.95469,-87.800991,2,0,184
2011-09-16,T003,41.964242,-87.757639,1,0,0
2011-09-16,T008,42.008314,-87.77792099999999,1,0,0
2011-09-16,T011,41.944869,-87.832763,16,0,0
2011-09-16,T012,41.991429,-87.747113,1,0,0
2011-09-16,T013,41.923738,-87.785288,3,0,222
2011-09-16,T017,41.960615999999995,-87.777189,13,0,60
2011-09-16,T027,41.984809000000006,-87.728492,2,0,0
2011-09-16,T028,41.986921,-87.689778,10,0,556
2011-09-16,T030,41.899229999999996,-87.716788,26,0,0
2011-09-16,T031,41.801497999999995,-87.763416,50,0,0
2011-09-16,T033,41.906638,-87.701431,12,0,0
2011-09-16,T035,41.763733,-87.742302,1,0,35
2011-09-16,T043,41.857402,-87.694991,1,0,0
2011-09-16,T046,41.891118,-87.65449100000001,4,0,0
2011-09-16,T047,41.868142,-87.69626899999999,23,0,0
2011-09-16,T048,41.867108,-87.654224,11,0,0
2011-09-16,T049,41.896282,-87.655232,13,0,0
2011-09-16,T054,41.921965,-87.632085,1,0,0
2011-09-16,T061,41.801179,-87.679447,5,0,0
2011-09-16,T062,41.800737,-87.71188000000001,13,0,0
2011-09-16,T063,41.82561,-87.72654900000002,5,0,0
2011-09-16,T065,41.778296999999995,-87.752411,7,0,17
2011-09-16,T066,41.77166,-87.703047,10,0,237
2011-09-16,T069,41.768388,-87.678649,1,0,0
2011-09-16,T074,41.822536,-87.66634300000001,4,0,0
2011-09-16,T079,41.766202,-87.562889,4,0,0
2011-09-16,T080,41.754676,-87.612922,9,0,0
2011-09-16,T081,41.821582,-87.62779599999999,5,0,0
2011-09-16,T082,41.803422999999995,-87.642984,36,0,0
2011-09-16,T083,41.754292,-87.590773,9,1,0
2011-09-16,T090,41.868077,-87.666901,3,0,0
2011-09-16,T094,41.720848,-87.666014,6,0,0
2011-09-16,T099,41.733643,-87.55551,1,0,0
2011-09-16,T114,41.798697,-87.736812,47,1,0
2011-09-16,T115,41.673408,-87.599862,10,0,0
2011-09-16,T128,41.704572,-87.56566600000001,2,0,0
2011-09-16,T135,41.662014,-87.72460799999999,1,0,0
2011-09-16,T138,41.726465000000005,-87.585413,26,0,0
2011-09-16,T145,41.878114000000004,-87.629798,12,0,0
2011-09-16,T147,41.932094,-87.700117,2,0,0
2011-09-16,T151,41.916265,-87.800515,22,0,153
2011-09-16,T152,41.846075,-87.716277,2,0,0
2011-09-16,T158,41.682587,-87.707973,1,0,0
2011-09-16,T200,41.678618,-87.559308,7,0,0
2011-09-16,T209,41.740641,-87.546587,1,0,0
2011-09-16,T218,41.948167,-87.730698,9,0,0
2011-09-16,T221,41.659112,-87.53869300000001,4,0,0
2011-09-16,T222,41.925197999999995,-87.746381,4,0,0
2011-09-16,T223,41.973845000000004,-87.805059,16,0,337
2011-09-16,T225,41.743402,-87.731435,9,0,0
2011-09-16,T226,41.793818,-87.654234,5,0,0
2011-09-16,T227,41.728495,-87.60096300000001,14,0,0
2011-09-16,T228,41.951865999999995,-87.72505699999999,4,0,0
2011-09-16,T230,41.904194,-87.756155,1,0,326
2011-09-16,T232,41.912563,-87.66805500000001,5,0,0
2011-09-16,T233,42.009876,-87.807277,37,0,0
2011-09-16,T235,41.776428,-87.627096,10,0,0
2011-09-16,T236,41.994679,-87.770899,2,0,0
2011-09-16,T237,41.738903,-87.69544300000001,13,0,0
2011-09-16,T238,41.753391,-87.707394,12,0,75
2011-09-16,T900,41.974689000000005,-87.89061500000001,154,0,0
2011-09-16,T903,41.957799,-87.930995,80,1,0
2011-09-23,T002,41.95469,-87.800991,18,1,0
2011-09-23,T003,41.964242,-87.757639,43,1,0
2011-09-23,T008,42.008314,-87.77792099999999,9,0,374
2011-09-23,T009,41.992478000000006,-87.862995,1,0,0
2011-09-23,T011,41.944869,-87.832763,7,0,0
2011-09-23,T013,41.923738,-87.785288,65,1,0
2011-09-23,T017,41.960615999999995,-87.777189,5,0,136
2011-09-23,T027,41.984809000000006,-87.728492,8,0,0
2011-09-23,T028,41.986921,-87.689778,3,0,0
2011-09-23,T031,41.801497999999995,-87.763416,33,0,0
2011-09-23,T033,41.906638,-87.701431,1,0,0
2011-09-23,T035,41.763733,-87.742302,8,0,0
2011-09-23,T039,41.911823999999996,-87.726737,1,0,0
2011-09-23,T046,41.891118,-87.65449100000001,2,0,0
2011-09-23,T048,41.867108,-87.654224,14,0,0
2011-09-23,T049,41.896282,-87.655232,2,0,0
2011-09-23,T054,41.921965,-87.632085,19,0,0
2011-09-23,T061,41.801179,-87.679447,5,0,0
2011-09-23,T062,41.800737,-87.71188000000001,6,0,0
2011-09-23,T065,41.778296999999995,-87.752411,5,0,0
2011-09-23,T066,41.77166,-87.703047,30,0,0
2011-09-23,T073,41.773215,-87.60088,2,0,0
2011-09-23,T074,41.822536,-87.66634300000001,3,0,0
2011-09-23,T079,41.766202,-87.562889,2,0,0
2011-09-23,T080,41.754676,-87.612922,4,0,66
2011-09-23,T083,41.754292,-87.590773,1,0,0
2011-09-23,T089,41.723195000000004,-87.64997,2,0,594
2011-09-23,T090,41.868077,-87.666901,4,0,0
2011-09-23,T102,41.750498,-87.605294,5,0,48
2011-09-23,T114,41.798697,-87.736812,65,0,0
2011-09-23,T115,41.673408,-87.599862,6,0,0
2011-09-23,T128,41.704572,-87.56566600000001,1,0,0
2011-09-23,T135,41.662014,-87.72460799999999,4,0,0
2011-09-23,T138,41.726465000000005,-87.585413,4,0,81
2011-09-23,T145,41.878114000000004,-87.629798,3,0,0
2011-09-23,T147,41.932094,-87.700117,4,0,400
2011-09-23,T151,41.916265,-87.800515,80,1,0
2011-09-23,T152,41.846075,-87.716277,1,0,0
2011-09-23,T155,41.776156,-87.778927,4,0,0
2011-09-23,T158,41.682587,-87.707973,3,0,0
2011-09-23,T159,41.732984,-87.649642,4,0,587
2011-09-23,T160,41.903002,-87.68826700000001,2,0,0
2011-09-23,T209,41.740641,-87.546587,2,0,0
2011-09-23,T212,41.680946,-87.535198,3,0,0
2011-09-23,T218,41.948167,-87.730698,24,1,488
2011-09-23,T220,41.963976,-87.69181,1,0,0
2011-09-23,T222,41.925197999999995,-87.746381,2,0,0
2011-09-23,T223,41.973845000000004,-87.805059,26,1,0
2011-09-23,T225,41.743402,-87.731435,2,0,0
2011-09-23,T226,41.793818,-87.654234,3,0,0
2011-09-23,T227,41.728495,-87.60096300000001,10,0,205
2011-09-23,T228,41.951865999999995,-87.72505699999999,4,0,610
2011-09-23,T230,41.904194,-87.756155,4,0,1
2011-09-23,T231,41.98728,-87.666066,1,0,0
2011-09-23,T232,41.912563,-87.66805500000001,1,0,0
2011-09-23,T233,42.009876,-87.807277,13,0,484
2011-09-23,T235,41.776428,-87.627096,2,0,0
2011-09-23,T238,41.753391,-87.707394,10,0,0
2011-09-23,T900,41.974689000000005,-87.89061500000001,122,0,0
2011-09-23,T903,41.957799,-87.930995,9,0,0
2011-09-30,T002,41.95469,-87.800991,1,0,184
2011-09-30,T003,41.964242,-87.757639,2,0,0
2011-09-30,T013,41.923738,-87.785288,24,0,222
2011-09-30,T017,41.960615999999995,-87.777189,1,0,60
2011-09-30,T018,42.010412,-87.66214000000001,1,0,0
2011-09-30,T027,41.984809000000006,-87.728492,1,0,0
2011-09-30,T028,41.986921,-87.689778,1,0,556
2011-09-30,T030,41.899229999999996,-87.716788,1,0,0
2011-09-30,T031,41.801497999999995,-87.763416,14,0,0
2011-09-30,T035,41.763733,-87.742302,3,0,35
2011-09-30,T047,41.868142,-87.696269,1,0,0
2011-09-30,T048,41.867108,-87.654224,4,0,0
2011-09-30,T054,41.921965,-87.632085,4,0,0
2011-09-30,T061,41.801179,-87.679447,7,0,0
2011-09-30,T063,41.82561,-87.726549,1,0,0
2011-09-30,T079,41.766202,-87.562889,1,0,0
2011-09-30,T080,41.754676,-87.612922,1,0,0
2011-09-30,T082,41.803422999999995,-87.642984,3,0,0
2011-09-30,T083,41.754292,-87.590773,1,0,0
2011-09-30,T102,41.750498,-87.605294,1,0,0
2011-09-30,T115,41.673408,-87.599862,1,0,0
2011-09-30,T138,41.726465000000005,-87.585413,1,0,0
2011-09-30,T145,41.878114000000004,-87.629798,2,0,0
2011-09-30,T151,41.916265,-87.800515,8,0,153
2011-09-30,T155,41.776156,-87.778927,1,0,0
2011-09-30,T160,41.903002,-87.68826700000001,1,0,0
2011-09-30,T200,41.678618,-87.559308,1,0,0
2011-09-30,T212,41.680946,-87.535198,1,0,0
2011-09-30,T218,41.948167,-87.730698,7,0,0
2011-09-30,T220,41.963976,-87.69181,1,0,0
2011-09-30,T222,41.925197999999995,-87.746381,4,0,0
2011-09-30,T223,41.973845000000004,-87.805059,7,0,337
2011-09-30,T227,41.728495,-87.60096300000001,1,0,0
2011-09-30,T231,41.98728,-87.666066,2,0,166
2011-09-30,T232,41.912563,-87.66805500000001,2,0,0
2011-09-30,T233,42.009876,-87.807277,4,0,0
2011-09-30,T900,41.974689000000005,-87.89061500000001,36,0,0
2011-09-30,T903,41.957799,-87.930995,31,0,0
2013-06-07,T002,41.95469,-87.800991,19,0,184
2013-06-07,T008,42.008314,-87.77792099999999,1,0,0
2013-06-07,T009,41.992478000000006,-87.862995,16,0,0
2013-06-07,T012,41.991429,-87.747113,18,0,0
2013-06-07,T013,41.923738,-87.785288,1,0,222
2013-06-07,T018,42.010412,-87.66214000000001,2,0,0
2013-06-07,T027,41.984809000000006,-87.728492,1,0,0
2013-06-07,T028,41.986921,-87.689778,4,0,556
2013-06-07,T030,41.899229999999996,-87.716788,10,0,0
2013-06-07,T031,41.801497999999995,-87.763416,1,0,0
2013-06-07,T033,41.906638,-87.701431,1,0,0
2013-06-07,T035,41.763733,-87.742302,1,0,35
2013-06-07,T047,41.868142,-87.696269,2,0,0
2013-06-07,T048,41.867108,-87.654224,2,0,0
2013-06-07,T054,41.921965,-87.632085,1,0,0
2013-06-07,T061,41.801179,-87.679447,7,0,0
2013-06-07,T062,41.800737,-87.71188000000001,4,0,0
2013-06-07,T066,41.77166,-87.703047,5,0,237
2013-06-07,T069,41.768388,-87.678649,2,0,0
2013-06-07,T073,41.773215,-87.60088,3,0,0
2013-06-07,T074,41.822536,-87.66634300000001,3,0,0
2013-06-07,T080,41.754676,-87.612922,2,0,0
2013-06-07,T082,41.803422999999995,-87.642984,3,0,0
2013-06-07,T083,41.754292,-87.590773,2,0,0
2013-06-07,T089,41.723195000000004,-87.64997,3,0,0
2013-06-07,T094,41.720848,-87.666014,4,0,0
2013-06-07,T095,41.704336,-87.70373599999999,1,0,0
2013-06-07,T099,41.733643,-87.55551,1,0,0
2013-06-07,T102,41.750498,-87.605294,4,0,0
2013-06-07,T115,41.673408,-87.599862,1,0,0
2013-06-07,T128,41.704572,-87.56566600000001,5,0,0
2013-06-07,T135,41.662014,-87.72460799999999,10,0,0
2013-06-07,T138,41.726465000000005,-87.585413,2,0,0
2013-06-07,T145,41.878114000000004,-87.629798,1,0,0
2013-06-07,T151,41.916265,-87.800515,7,0,153
2013-06-07,T152,41.846075,-87.716277,1,0,0
2013-06-07,T155,41.776156,-87.778927,1,0,0
2013-06-07,T158,41.682587,-87.707973,6,0,0
2013-06-07,T159,41.732984,-87.649642,4,0,0
2013-06-07,T209,41.740641,-87.546587,5,0,0
2013-06-07,T212,41.680946,-87.535198,4,0,0
2013-06-07,T223,41.973845000000004,-87.805059,2,0,337
2013-06-07,T224,41.947227000000005,-87.67145699999999,3,0,0
2013-06-07,T225,41.743402,-87.731435,1,0,0
2013-06-07,T226,41.793818,-87.654234,12,0,0
2013-06-07,T227,41.728495,-87.60096300000001,21,0,0
2013-06-07,T228,41.951865999999995,-87.72505699999999,5,0,0
2013-06-07,T230,41.904194,-87.756155,3,0,326
2013-06-07,T233,42.009876,-87.807277,1,0,0
2013-06-07,T235,41.776428,-87.627096,1,0,0
2013-06-07,T236,41.994679,-87.770899,6,0,0
2013-06-07,T900,41.974689000000005,-87.89061500000001,102,0,0
2013-06-07,T903,41.957799,-87.930995,32,0,0
2013-06-14,T002,41.95469,-87.80099099999998,314,0,0
2013-06-14,T003,41.964242,-87.757639,3,0,0
2013-06-14,T008,42.008314,-87.77792099999999,35,0,374
2013-06-14,T009,41.992478000000006,-87.862995,34,0,0
2013-06-14,T011,41.944869,-87.832763,1,0,0
2013-06-14,T012,41.991429,-87.747113,22,0,0
2013-06-14,T013,41.923738,-87.785288,5,0,0
2013-06-14,T017,41.960615999999995,-87.777189,4,0,136
2013-06-14,T018,42.010412,-87.66214000000001,4,0,0
2013-06-14,T027,41.984809000000006,-87.728492,7,0,0
2013-06-14,T028,41.986921,-87.689778,32,0,0
2013-06-14,T030,41.899229999999996,-87.716788,1,0,195
2013-06-14,T031,41.801497999999995,-87.763416,13,0,0
2013-06-14,T035,41.763733,-87.742302,4,0,0
2013-06-14,T039,41.911823999999996,-87.726737,8,0,0
2013-06-14,T043,41.857402,-87.694991,3,0,0
2013-06-14,T046,41.891118,-87.65449100000001,1,0,0
2013-06-14,T047,41.868142,-87.696269,1,0,0
2013-06-14,T048,41.867108,-87.654224,8,0,0
2013-06-14,T054,41.921965,-87.632085,7,0,0
2013-06-14,T061,41.801179,-87.679447,15,0,0
2013-06-14,T062,41.800737,-87.71188000000001,48,0,0
2013-06-14,T063,41.82561,-87.726549,18,0,0
2013-06-14,T065,41.778296999999995,-87.752411,7,0,0
2013-06-14,T066,41.77166,-87.703047,10,0,0
2013-06-14,T073,41.773215,-87.60088,18,0,0
2013-06-14,T079,41.766202,-87.562889,14,0,0
2013-06-14,T082,41.803422999999995,-87.642984,8,0,0
2013-06-14,T083,41.754292,-87.590773,6,0,0
2013-06-14,T089,41.723195000000004,-87.64997,7,0,594
2013-06-14,T090,41.868077,-87.666901,13,0,0
2013-06-14,T094,41.720848,-87.666014,67,0,219
2013-06-14,T095,41.704336,-87.70373599999999,2,0,0
2013-06-14,T102,41.750498,-87.605294,45,0,48
2013-06-14,T114,41.798697,-87.736812,12,0,0
2013-06-14,T115,41.673408,-87.599862,65,0,0
2013-06-14,T128,41.704572,-87.56566600000001,5,0,0
2013-06-14,T135,41.662014,-87.72460799999999,30,0,0
2013-06-14,T138,41.726465000000005,-87.585413,14,0,81
2013-06-14,T145,41.878114000000004,-87.629798,6,0,0
2013-06-14,T147,41.932094,-87.700117,9,0,400
2013-06-14,T151,41.916265,-87.800515,11,0,0
2013-06-14,T152,41.846075,-87.716277,1,0,0
2013-06-14,T155,41.776156,-87.778927,18,0,0
2013-06-14,T158,41.682587,-87.707973,59,0,0
2013-06-14,T159,41.732984,-87.649642,4,0,587
2013-06-14,T209,41.740641,-87.546587,16,0,0
2013-06-14,T212,41.680946,-87.535198,8,0,0
2013-06-14,T220,41.963976,-87.69181,1,0,0
2013-06-14,T221,41.659112,-87.53869300000001,3,0,0
2013-06-14,T222,41.925197999999995,-87.746381,7,0,0
2013-06-14,T223,41.973845000000004,-87.805059,29,0,0
2013-06-14,T224,41.947227000000005,-87.67145699999999,14,0,41
2013-06-14,T225,41.743402,-87.731435,8,0,0
2013-06-14,T227,41.728495,-87.60096300000001,37,0,205
2013-06-14,T228,41.951865999999995,-87.72505699999999,43,0,610
2013-06-14,T230,41.904194,-87.756155,16,0,1
2013-06-14,T231,41.98728,-87.666066,2,0,0
2013-06-14,T232,41.912563,-87.66805500000001,1,0,0
2013-06-14,T233,42.009876,-87.807277,19,0,484
2013-06-14,T236,41.994679,-87.770899,22,0,170
2013-06-14,T900,41.974689000000005,-87.89061500000001,416,0,0
2013-06-14,T903,41.957799,-87.930995,9,0,0
2013-06-21,T002,41.95469,-87.800991,19,0,184
2013-06-21,T003,41.964242,-87.757639,3,0,0
2013-06-21,T008,42.008314,-87.77792099999999,8,0,0
2013-06-21,T009,41.992478000000006,-87.862995,32,0,0
2013-06-21,T011,41.944869,-87.832763,8,0,0
2013-06-21,T012,41.991429,-87.747113,5,0,0
2013-06-21,T013,41.923738,-87.785288,10,0,222
2013-06-21,T017,41.960615999999995,-87.777189,1,0,60
2013-06-21,T018,42.010412,-87.66214000000001,7,0,0
2013-06-21,T027,41.984809000000006,-87.728492,2,0,0
2013-06-21,T028,41.986921,-87.689778,3,0,556
2013-06-21,T030,41.899229999999996,-87.716788,58,0,0
2013-06-21,T031,41.801497999999995,-87.763416,13,0,0
2013-06-21,T033,41.906638,-87.701431,1,0,0
2013-06-21,T035,41.763733,-87.742302,10,0,35
2013-06-21,T046,41.891118,-87.65449100000001,1,0,0
2013-06-21,T047,41.868142,-87.696269,11,0,0
2013-06-21,T048,41.867108,-87.654224,10,0,0
2013-06-21,T049,41.896282,-87.655232,3,0,0
2013-06-21,T054,41.921965,-87.632085,6,0,0
2013-06-21,T061,41.801179,-87.679447,6,0,0
2013-06-21,T062,41.800737,-87.71188000000001,15,0,0
2013-06-21,T063,41.82561,-87.726549,16,0,0
2013-06-21,T065,41.778296999999995,-87.752411,19,0,17
2013-06-21,T066,41.77166,-87.703047,24,0,237
2013-06-21,T069,41.768388,-87.678649,1,0,0
2013-06-21,T073,41.773215,-87.60088,32,0,0
2013-06-21,T074,41.822536,-87.66634300000001,6,0,0
2013-06-21,T077,41.778748,-87.586427,5,0,0
2013-06-21,T079,41.766202,-87.562889,19,0,0
2013-06-21,T080,41.754676,-87.612922,6,0,0
2013-06-21,T082,41.803422999999995,-87.642984,10,0,0
2013-06-21,T089,41.723195000000004,-87.64997,26,0,0
2013-06-21,T090,41.868077,-87.666901,2,0,0
2013-06-21,T094,41.720848,-87.666014,167,0,0
2013-06-21,T095,41.704336,-87.70373599999999,23,0,0
2013-06-21,T099,41.733643,-87.55551,3,0,0
2013-06-21,T102,41.750498,-87.605294,8,0,0
2013-06-21,T114,41.798697,-87.736812,90,0,0
2013-06-21,T115,41.673408,-87.599862,11,0,0
2013-06-21,T128,41.704572,-87.56566600000001,4,0,0
2013-06-21,T135,41.662014,-87.72460799999999,20,0,0
2013-06-21,T145,41.878114000000004,-87.629798,1,0,0
2013-06-21,T147,41.932094,-87.700117,1,0,0
2013-06-21,T151,41.916265,-87.800515,27,0,153
2013-06-21,T152,41.846075,-87.716277,6,0,0
2013-06-21,T155,41.776156,-87.778927,13,0,0
2013-06-21,T158,41.682587,-87.707973,24,0,0
2013-06-21,T159,41.732984,-87.649642,15,0,0
2013-06-21,T209,41.740641,-87.546587,7,0,0
2013-06-21,T212,41.680946,-87.535198,8,0,0
2013-06-21,T221,41.659112,-87.53869300000001,8,0,0
2013-06-21,T223,41.973845000000004,-87.805059,9,0,337
2013-06-21,T224,41.947227000000005,-87.67145699999999,4,0,0
2013-06-21,T225,41.743402,-87.731435,24,0,0
2013-06-21,T226,41.793818,-87.654234,53,0,0
2013-06-21,T227,41.728495,-87.60096300000002,92,0,0
2013-06-21,T228,41.951865999999995,-87.72505699999999,8,0,0
2013-06-21,T230,41.904194,-87.756155,5,0,326
2013-06-21,T231,41.98728,-87.666066,5,0,166
2013-06-21,T232,41.912563,-87.66805500000001,5,0,0
2013-06-21,T233,42.009876,-87.807277,2,0,0
2013-06-21,T235,41.776428,-87.627096,6,0,0
2013-06-21,T236,41.994679,-87.770899,4,0,0
2013-06-21,T900,41.974689000000005,-87.89061500000001,258,0,0
2013-06-21,T903,41.957799,-87.930995,10,0,0
2013-06-27,T002,41.95469,-87.800991,19,0,184
2013-06-27,T003,41.964242,-87.757639,20,0,0
2013-06-27,T008,42.008314,-87.77792099999999,2,0,0
2013-06-27,T009,41.992478000000006,-87.862995,19,0,0
2013-06-27,T011,41.944869,-87.832763,2,0,0
2013-06-27,T012,41.991429,-87.747113,16,0,0
2013-06-27,T013,41.923738,-87.785288,10,0,222
2013-06-27,T017,41.960615999999995,-87.777189,2,0,60
2013-06-27,T018,42.010412,-87.66214000000001,3,0,0
2013-06-27,T027,41.984809000000006,-87.728492,3,0,0
2013-06-27,T028,41.986921,-87.689778,4,0,556
2013-06-27,T030,41.899229999999996,-87.716788,3,0,0
2013-06-27,T031,41.801497999999995,-87.763416,9,0,0
2013-06-27,T033,41.906638,-87.701431,3,0,0
2013-06-27,T043,41.857402,-87.694991,1,0,0
2013-06-27,T046,41.891118,-87.65449100000001,6,0,0
2013-06-27,T047,41.868142,-87.696269,3,0,0
2013-06-27,T048,41.867108,-87.654224,15,0,0
2013-06-27,T049,41.896282,-87.655232,1,0,0
2013-06-27,T054,41.921965,-87.632085,2,0,0
2013-06-27,T061,41.801179,-87.679447,25,0,0
2013-06-27,T062,41.800737,-87.71188000000001,36,0,0
2013-06-27,T065,41.778296999999995,-87.752411,11,0,17
2013-06-27,T066,41.77166,-87.703047,5,0,237
2013-06-27,T069,41.768388,-87.678649,3,0,0
2013-06-27,T114,41.798697,-87.736812,9,0,0
2013-06-27,T147,41.932094,-87.700117,7,0,0
2013-06-27,T151,41.916265,-87.800515,86,0,153
2013-06-27,T152,41.846075,-87.716277,11,0,0
2013-06-27,T155,41.776156,-87.778927,20,0,0
2013-06-27,T220,41.963976,-87.69181,1,0,0
2013-06-27,T222,41.925197999999995,-87.746381,3,0,0
2013-06-27,T223,41.973845000000004,-87.805059,11,0,337
2013-06-27,T228,41.951865999999995,-87.72505699999999,51,0,0
2013-06-27,T230,41.904194,-87.756155,10,0,326
2013-06-27,T231,41.98728,-87.666066,2,0,166
2013-06-27,T232,41.912563,-87.66805500000001,1,0,0
2013-06-27,T233,42.009876,-87.807277,4,0,0
2013-06-28,T035,41.763733,-87.742302,4,0,0
2013-06-28,T063,41.82561,-87.726549,5,0,0
2013-06-28,T073,41.773215,-87.60088,54,0,0
2013-06-28,T074,41.822536,-87.66634300000001,12,0,0
2013-06-28,T077,41.778748,-87.586427,1,0,0
2013-06-28,T079,41.766202,-87.562889,6,0,0
2013-06-28,T080,41.754676,-87.612922,6,0,66
2013-06-28,T082,41.803422999999995,-87.642984,2,0,0
2013-06-28,T083,41.754292,-87.590773,8,0,0
2013-06-28,T089,41.723195000000004,-87.64997,10,0,594
2013-06-28,T090,41.868077,-87.666901,16,0,0
2013-06-28,T094,41.720848,-87.666014,38,1,219
2013-06-28,T095,41.704336,-87.70373599999999,8,0,0
2013-06-28,T099,41.733643,-87.55551,3,0,0
2013-06-28,T102,41.750498,-87.605294,28,0,48
2013-06-28,T115,41.673408,-87.59986199999999,57,0,0
2013-06-28,T128,41.704572,-87.56566600000001,3,0,0
2013-06-28,T135,41.662014,-87.72460799999999,58,0,0
2013-06-28,T158,41.682587000000005,-87.707973,247,0,0
2013-06-28,T159,41.732984,-87.649642,13,0,587
2013-06-28,T209,41.740641,-87.546587,8,0,0
2013-06-28,T212,41.680946,-87.535198,9,0,0
2013-06-28,T221,41.659112,-87.53869300000001,41,0,0
2013-06-28,T226,41.793818,-87.654234,4,0,0
2013-06-28,T227,41.728495,-87.60096300000002,95,0,205
2013-06-28,T235,41.776428,-87.627096,10,0,0
2013-06-28,T900,41.974689000000005,-87.89061500000001,168,0,0
2013-06-28,T903,41.957799,-87.930995,9,0,0
2013-07-08,T002,41.95469,-87.800991,246,0,0
2013-07-08,T003,41.964242,-87.757639,16,0,0
2013-07-08,T008,42.008314,-87.77792099999999,42,0,374
2013-07-08,T009,41.992478000000006,-87.862995,136,0,0
2013-07-08,T011,41.944869,-87.832763,2,0,0
2013-07-08,T012,41.991429,-87.747113,47,0,0
2013-07-08,T013,41.923738,-87.785288,7,0,0
2013-07-08,T017,41.960615999999995,-87.777189,2,0,136
2013-07-08,T018,42.010412,-87.66214000000001,2,0,0
2013-07-08,T027,41.984809000000006,-87.728492,6,0,0
2013-07-08,T028,41.986921,-87.689778,36,0,0
2013-07-08,T030,41.899229999999996,-87.716788,120,0,195
2013-07-08,T031,41.801497999999995,-87.763416,11,0,0
2013-07-08,T033,41.906638,-87.701431,3,0,0
2013-07-08,T035,41.763733,-87.742302,9,0,0
2013-07-08,T039,41.911823999999996,-87.726737,2,0,0
2013-07-08,T046,41.891118,-87.65449100000001,1,0,0
2013-07-08,T047,41.868142,-87.696269,24,0,0
2013-07-08,T048,41.867108,-87.654224,34,0,0
2013-07-08,T054,41.921965,-87.632085,4,0,0
2013-07-08,T061,41.801179,-87.679447,12,0,0
2013-07-08,T062,41.800737,-87.71188000000001,16,0,0
2013-07-08,T063,41.82561,-87.726549,37,0,0
2013-07-08,T065,41.778296999999995,-87.752411,14,0,0
2013-07-08,T066,41.77166,-87.703047,7,0,0
2013-07-08,T069,41.768388,-87.678649,2,0,0
2013-07-08,T073,41.773215,-87.60088,28,0,0
2013-07-08,T074,41.822536,-87.66634300000001,4,0,0
2013-07-08,T079,41.766202,-87.562889,2,0,0
2013-07-08,T080,41.754676,-87.612922,6,0,66
2013-07-08,T082,41.803422999999995,-87.642984,3,0,0
2013-07-08,T089,41.723195000000004,-87.64997,10,0,594
2013-07-08,T090,41.868077,-87.666901,7,0,0
2013-07-08,T094,41.720848,-87.666014,20,0,219
2013-07-08,T094B,41.71914,-87.669539,5,0,87
2013-07-08,T095,41.704336,-87.70373599999999,3,0,0
2013-07-08,T099,41.733643,-87.55551,4,0,0
2013-07-08,T102,41.750498,-87.605294,16,0,48
2013-07-08,T114,41.798697,-87.736812,3,0,0
2013-07-08,T115,41.673408,-87.599862,25,0,0
2013-07-08,T128,41.704572,-87.56566600000001,7,0,0
2013-07-08,T135,41.662014,-87.72460799999999,43,0,0
2013-07-08,T138,41.726465000000005,-87.585413,115,0,81
2013-07-08,T145,41.878114000000004,-87.629798,1,0,0
2013-07-08,T147,41.932094,-87.700117,6,0,400
2013-07-08,T151,41.916265,-87.800515,37,0,0
2013-07-08,T152,41.846075,-87.716277,2,0,0
2013-07-08,T155,41.776156,-87.778927,35,0,0
2013-07-08,T158,41.682587,-87.707973,28,0,0
2013-07-08,T159,41.732984,-87.649642,18,0,587
2013-07-08,T209,41.740641,-87.546587,5,0,0
2013-07-08,T212,41.680946,-87.535198,24,0,0
2013-07-08,T220,41.963976,-87.69181,2,0,0
2013-07-08,T221,41.659112,-87.53869300000001,6,0,0
2013-07-08,T222,41.925197999999995,-87.746381,6,0,0
2013-07-08,T223,41.973845000000004,-87.805059,1,0,0
2013-07-08,T224,41.947227000000005,-87.67145699999999,5,0,41
2013-07-08,T225,41.743402,-87.731435,13,0,0
2013-07-08,T226,41.793818,-87.654234,17,0,0
2013-07-08,T227,41.728495,-87.60096300000002,115,0,205
2013-07-08,T228,41.951865999999995,-87.72505699999999,8,0,610
2013-07-08,T230,41.904194,-87.756155,20,0,1
2013-07-08,T231,41.98728,-87.666066,1,0,0
2013-07-08,T232,41.912563,-87.66805500000001,2,0,0
2013-07-08,T233,42.009876,-87.807277,2,0,484
2013-07-08,T235,41.776428,-87.627096,8,0,0
2013-07-08,T236,41.994679,-87.770899,9,0,170
2013-07-08,T900,41.974689000000005,-87.89061500000001,296,0,0
2013-07-08,T903,41.957799,-87.930995,27,0,0
2013-07-12,T002,41.95469000000001,-87.80099099999997,582,0,0
2013-07-12,T003,41.964242,-87.757639,115,0,0
2013-07-12,T008,42.008314,-87.77792099999999,78,1,374
2013-07-12,T009,41.992478000000006,-87.862995,215,0,0
2013-07-12,T011,41.944869,-87.832763,3,0,0
2013-07-12,T012,41.991429,-87.747113,124,0,0
2013-07-12,T013,41.923738,-87.785288,84,0,0
2013-07-12,T017,41.960615999999995,-87.777189,7,0,136
2013-07-12,T018,42.010412,-87.66214000000001,3,0,0
2013-07-12,T027,41.984809000000006,-87.728492,16,0,0
2013-07-12,T028,41.986921,-87.689778,62,0,0
2013-07-12,T030,41.899229999999996,-87.716788,41,0,195
2013-07-12,T031,41.801497999999995,-87.763416,48,0,0
2013-07-12,T033,41.906638,-87.701431,5,0,0
2013-07-12,T035,41.763733,-87.742302,8,0,0
2013-07-12,T039,41.911823999999996,-87.726737,4,0,0
2013-07-12,T043,41.857402,-87.694991,4,0,0
2013-07-12,T046,41.891118,-87.65449100000001,18,0,0
2013-07-12,T047,41.868142,-87.69626899999999,112,0,0
2013-07-12,T048,41.867108,-87.654224,64,0,0
2013-07-12,T049,41.896282,-87.655232,2,0,0
2013-07-12,T054,41.921965,-87.632085,10,0,0
2013-07-12,T061,41.801179,-87.679447,72,0,0
2013-07-12,T062,41.800737,-87.71188000000001,106,0,0
2013-07-12,T063,41.82561,-87.726549,13,0,0
2013-07-12,T065,41.778296999999995,-87.752411,63,0,0
2013-07-12,T066,41.77166,-87.703047,54,0,0
2013-07-12,T069,41.768388,-87.678649,13,0,0
2013-07-12,T073,41.773215,-87.60088,34,1,0
2013-07-12,T074,41.822536,-87.66634300000003,122,0,0
2013-07-12,T077,41.778748,-87.586427,1,0,0
2013-07-12,T079,41.766202,-87.562889,25,0,0
2013-07-12,T080,41.754676,-87.612922,15,0,66
2013-07-12,T082,41.803422999999995,-87.642984,48,0,0
2013-07-12,T083,41.754292,-87.590773,14,0,0
2013-07-12,T089,41.723195000000004,-87.64997,11,0,594
2013-07-12,T090,41.868077,-87.666901,112,0,0
2013-07-12,T094,41.720848,-87.666014,14,0,219
2013-07-12,T094B,41.71914,-87.669539,20,0,87
2013-07-12,T095,41.704336,-87.70373599999999,7,0,0
2013-07-12,T099,41.733643,-87.55551,8,0,0
2013-07-12,T102,41.750498,-87.605294,133,0,48
2013-07-12,T114,41.798697,-87.736812,47,0,0
2013-07-12,T115,41.673408,-87.59986200000002,263,0,0
2013-07-12,T128,41.704572,-87.56566600000001,28,0,0
2013-07-12,T135,41.662014,-87.72460799999999,37,0,0
2013-07-12,T138,41.726465000000005,-87.585413,44,0,81
2013-07-12,T147,41.932094,-87.700117,28,0,400
2013-07-12,T151,41.916265,-87.800515,22,0,0
2013-07-12,T152,41.846075,-87.716277,6,0,0
2013-07-12,T155,41.776156,-87.778927,39,0,0
2013-07-12,T158,41.682587,-87.707973,204,1,0
2013-07-12,T159,41.732984,-87.649642,71,1,587
2013-07-12,T209,41.740641,-87.546587,55,0,0
2013-07-12,T212,41.680946,-87.535198,260,0,0
2013-07-12,T220,41.963976,-87.69181,2,0,0
2013-07-12,T221,41.659112,-87.53869300000001,27,0,0
2013-07-12,T222,41.925197999999995,-87.746381,4,0,0
2013-07-12,T223,41.973845000000004,-87.805059,4,0,0
2013-07-12,T224,41.947227000000005,-87.67145699999999,23,0,41
2013-07-12,T225,41.743402,-87.73143499999999,123,0,0
2013-07-12,T226,41.793818,-87.654234,55,0,0
2013-07-12,T227,41.728495,-87.600963,251,0,205
2013-07-12,T228,41.951865999999995,-87.72505699999999,92,1,610
2013-07-12,T230,41.904194,-87.756155,27,0,1
2013-07-12,T231,41.98728,-87.666066,150,1,0
2013-07-12,T232,41.912563,-87.66805500000001,27,0,0
2013-07-12,T233,42.009876,-87.807277,10,0,484
2013-07-12,T235,41.776428,-87.627096,53,0,0
2013-07-12,T236,41.994679,-87.770899,39,0,170
2013-07-12,T900,41.974689000000005,-87.89061500000001,309,0,0
2013-07-12,T903,41.957799,-87.930995,6,0,0
2013-07-19,T002,41.95469,-87.800991,34,0,184
2013-07-19,T003,41.964242,-87.757639,7,1,0
2013-07-19,T008,42.00831399999999,-87.77792099999999,245,1,0
2013-07-19,T009,41.992478000000006,-87.862995,2,0,0
2013-07-19,T011,41.944869,-87.832763,25,0,0
2013-07-19,T012,41.991429,-87.747113,99,0,0
2013-07-19,T013,41.923738,-87.785288,43,1,222
2013-07-19,T017,41.960615999999995,-87.777189,6,0,60
2013-07-19,T018,42.010412,-87.66214000000001,1,0,0
2013-07-19,T027,41.984809000000006,-87.728492,87,0,0
2013-07-19,T028,41.986921,-87.689778,26,0,556
2013-07-19,T030,41.899229999999996,-87.71678799999997,477,1,0
2013-07-19,T031,41.801497999999995,-87.763416,46,1,0
2013-07-19,T033,41.906638,-87.701431,8,0,0
2013-07-19,T035,41.763733,-87.742302,9,0,35
2013-07-19,T039,41.911823999999996,-87.726737,7,0,0
2013-07-19,T043,41.857402,-87.694991,4,0,0
2013-07-19,T046,41.891118,-87.65449100000001,5,0,0
2013-07-19,T047,41.868142,-87.696269,56,0,0
2013-07-19,T048,41.867108,-87.654224,85,1,0
2013-07-19,T049,41.896282,-87.655232,2,0,0
2013-07-19,T054,41.921965,-87.632085,39,0,0
2013-07-19,T061,41.801179,-87.679447,54,0,0
2013-07-19,T062,41.800737,-87.71188000000001,17,0,0
2013-07-19,T063,41.82561,-87.726549,12,0,0
2013-07-19,T065,41.778296999999995,-87.752411,8,0,17
2013-07-19,T066,41.77166,-87.703047,54,0,237
2013-07-19,T069,41.768388,-87.678649,36,0,0
2013-07-19,T073,41.773215,-87.60088,8,0,0
2013-07-19,T074,41.822536,-87.66634300000001,22,0,0
2013-07-19,T077,41.778748,-87.586427,1,0,0
2013-07-19,T079,41.766202,-87.562889,2,0,0
2013-07-19,T080,41.754676,-87.612922,15,0,0
2013-07-19,T082,41.803422999999995,-87.642984,41,0,0
2013-07-19,T083,41.754292,-87.590773,62,0,0
2013-07-19,T089,41.723195000000004,-87.64997,11,0,0
2013-07-19,T090,41.868077,-87.666901,57,0,0
2013-07-19,T094,41.720848,-87.666014,29,0,0
2013-07-19,T094B,41.71914,-87.669539,16,0,0
2013-07-19,T095,41.704336,-87.70373599999999,12,0,0
2013-07-19,T099,41.733643,-87.55551,7,0,0
2013-07-19,T102,41.750498,-87.605294,64,0,0
2013-07-19,T114,41.798697,-87.736812,22,0,0
2013-07-19,T115,41.673408,-87.59986199999999,126,0,0
2013-07-19,T128,41.704572,-87.56566600000001,20,1,0
2013-07-19,T135,41.662014,-87.72460799999999,61,0,0
2013-07-19,T138,41.726465000000005,-87.585413,8,0,0
2013-07-19,T145,41.878114000000004,-87.629798,9,0,0
2013-07-19,T147,41.932094,-87.700117,6,0,0
2013-07-19,T151,41.916265,-87.800515,45,0,153
2013-07-19,T152,41.846075,-87.716277,14,0,0
2013-07-19,T158,41.682587,-87.707973,50,0,0
2013-07-19,T159,41.732984,-87.64964200000001,80,0,0
2013-07-19,T209,41.740641,-87.546587,30,0,0
2013-07-19,T212,41.680946,-87.535198,115,0,0
2013-07-19,T220,41.963976,-87.69181,5,0,0
2013-07-19,T221,41.659112,-87.538693,341,0,0
2013-07-19,T222,41.925197999999995,-87.746381,17,0,0
2013-07-19,T223,41.973845000000004,-87.805059,2,0,337
2013-07-19,T224,41.947227000000005,-87.67145699999999,5,0,0
2013-07-19,T225,41.743402,-87.731435,214,1,0
2013-07-19,T226,41.793818,-87.654234,129,1,0
2013-07-19,T227,41.728495,-87.60096300000002,93,0,0
2013-07-19,T228,41.951865999999995,-87.72505699999999,123,1,0
2013-07-19,T230,41.904194,-87.756155,46,1,326
2013-07-19,T231,41.98728,-87.666066,67,0,166
2013-07-19,T232,41.912563,-87.66805500000002,72,0,0
2013-07-19,T233,42.009876,-87.807277,33,0,0
2013-07-19,T235,41.776428,-87.627096,94,0,0
2013-07-19,T236,41.994679,-87.770899,2,0,0
2013-07-19,T900,41.974689000000005,-87.89061500000001,496,1,0
2013-07-19,T903,41.957799,-87.930995,2,0,0
2013-07-25,T002,41.95469,-87.800991,28,0,184
2013-07-25,T003,41.964242,-87.757639,16,0,0
2013-07-25,T008,42.008314,-87.77792099999999,118,0,0
2013-07-25,T009,41.992478000000006,-87.862995,90,0,0
2013-07-25,T011,41.944869,-87.832763,9,0,0
2013-07-25,T012,41.991429,-87.747113,86,0,0
2013-07-25,T013,41.923738,-87.785288,14,0,222
2013-07-25,T017,41.960615999999995,-87.777189,9,0,60
2013-07-25,T018,42.010412,-87.66214000000001,5,0,0
2013-07-25,T027,41.984809000000006,-87.728492,41,0,0
2013-07-25,T028,41.986921,-87.689778,8,0,556
2013-07-25,T030,41.899229999999996,-87.716788,37,0,0
2013-07-25,T031,41.801497999999995,-87.763416,14,0,0
2013-07-25,T033,41.906638,-87.701431,9,0,0
2013-07-25,T035,41.763733,-87.742302,6,0,35
2013-07-25,T039,41.911823999999996,-87.726737,4,0,0
2013-07-25,T043,41.857402,-87.694991,3,0,0
2013-07-25,T046,41.891118,-87.65449100000001,3,0,0
2013-07-25,T047,41.868142,-87.696269,16,0,0
2013-07-25,T048,41.867108,-87.654224,89,0,0
2013-07-25,T049,41.896282,-87.655232,5,0,0
2013-07-25,T054,41.921965,-87.632085,5,1,0
2013-07-25,T061,41.801179,-87.679447,16,0,0
2013-07-25,T062,41.800737,-87.71188000000001,7,0,0
2013-07-25,T063,41.82561,-87.726549,2,0,0
2013-07-25,T065,41.778296999999995,-87.752411,3,0,17
2013-07-25,T066,41.77166,-87.703047,30,0,237
2013-07-25,T069,41.768388,-87.678649,17,0,0
2013-07-25,T073,41.773215,-87.60088,2,0,0
2013-07-25,T074,41.822536,-87.66634300000003,32,0,0
2013-07-25,T077,41.778748,-87.586427,4,0,0
2013-07-25,T079,41.766202,-87.562889,18,1,0
2013-07-25,T080,41.754676,-87.612922,5,0,0
2013-07-25,T082,41.803422999999995,-87.642984,54,0,0
2013-07-25,T083,41.754292,-87.590773,15,0,0
2013-07-25,T089,41.723195000000004,-87.64997,10,0,0
2013-07-25,T090,41.868077,-87.666901,26,0,0
2013-07-25,T094,41.720848,-87.666014,15,0,0
2013-07-25,T095,41.704336,-87.70373599999999,5,0,0
2013-07-25,T099,41.733643,-87.55551,4,0,0
2013-07-25,T102,41.750498,-87.605294,6,0,0
2013-07-25,T114,41.798697,-87.736812,24,0,0
2013-07-25,T115,41.673408,-87.59986199999999,93,0,0
2013-07-25,T128,41.704572,-87.56566600000001,18,0,0
2013-07-25,T135,41.662014,-87.72460799999999,55,0,0
2013-07-25,T138,41.726465000000005,-87.585413,4,0,0
2013-07-25,T145,41.878114000000004,-87.629798,8,0,0
2013-07-25,T147,41.932094,-87.700117,3,0,0
2013-07-25,T151,41.916265,-87.800515,34,0,153
2013-07-25,T152,41.846075,-87.716277,3,0,0
2013-07-25,T155,41.776156,-87.778927,4,0,0
2013-07-25,T158,41.682587,-87.707973,25,0,0
2013-07-25,T159,41.732984,-87.649642,70,0,0
2013-07-25,T209,41.740641,-87.546587,27,0,0
2013-07-25,T212,41.680946,-87.535198,6,0,0
2013-07-25,T220,41.963976,-87.69181,8,0,0
2013-07-25,T221,41.659112,-87.53869300000001,166,0,0
2013-07-25,T222,41.925197999999995,-87.746381,2,0,0
2013-07-25,T223,41.973845000000004,-87.805059,13,0,337
2013-07-25,T224,41.947227000000005,-87.67145699999999,11,0,0
2013-07-25,T225,41.743402,-87.73143499999999,53,0,0
2013-07-25,T226,41.793818,-87.654234,37,0,0
2013-07-25,T227,41.728495,-87.60096300000001,60,0,0
2013-07-25,T228,41.951865999999995,-87.72505699999999,24,0,0
2013-07-25,T230,41.904194,-87.75615499999999,19,0,326
2013-07-25,T231,41.98728,-87.666066,3,0,166
2013-07-25,T232,41.912563,-87.66805500000001,9,0,0
2013-07-25,T233,42.009876,-87.807277,16,0,0
2013-07-25,T235,41.776428,-87.627096,1,0,0
2013-07-25,T236,41.994679,-87.770899,13,0,0
2013-07-25,T900,41.974689000000005,-87.89061500000001,270,0,0
2013-07-25,T903,41.957799,-87.930995,9,0,0
2013-08-01,T002,41.95469,-87.800991,34,0,0
2013-08-01,T003,41.964242,-87.757639,61,1,0
2013-08-01,T008,42.008314,-87.77792099999999,174,0,374
2013-08-01,T009,41.992478000000006,-87.862995,8,0,0
2013-08-01,T011,41.944869,-87.832763,6,0,0
2013-08-01,T012,41.991429,-87.747113,65,0,0
2013-08-01,T013,41.923738,-87.785288,60,1,0
2013-08-01,T017,41.960615999999995,-87.777189,12,0,136
2013-08-01,T027,41.984809000000006,-87.728492,23,0,0
2013-08-01,T028,41.986921,-87.689778,67,0,0
2013-08-01,T030,41.899229999999996,-87.716788,62,1,195
2013-08-01,T031,41.801497999999995,-87.763416,13,0,0
2013-08-01,T033,41.906638,-87.701431,4,0,0
2013-08-01,T035,41.763733,-87.742302,4,0,0
2013-08-01,T039,41.911823999999996,-87.726737,4,0,0
2013-08-01,T043,41.857402,-87.694991,2,0,0
2013-08-01,T046,41.891118,-87.65449100000001,16,0,0
2013-08-01,T047,41.868142,-87.696269,5,0,0
2013-08-01,T048,41.867108,-87.654224,29,0,0
2013-08-01,T049,41.896282,-87.655232,10,0,0
2013-08-01,T054,41.921965,-87.632085,2,0,0
2013-08-01,T061,41.801179,-87.679447,34,0,0
2013-08-01,T062,41.800737,-87.71188000000001,3,0,0
2013-08-01,T063,41.82561,-87.726549,6,0,0
2013-08-01,T065,41.778296999999995,-87.752411,7,0,0
2013-08-01,T066,41.77166,-87.703047,24,0,0
2013-08-01,T069,41.768388,-87.678649,4,0,0
2013-08-01,T073,41.773215,-87.60088,2,0,0
2013-08-01,T074,41.822536,-87.66634300000001,5,0,0
2013-08-01,T077,41.778748,-87.586427,2,0,0
2013-08-01,T079,41.766202,-87.562889,2,0,0
2013-08-01,T082,41.803422999999995,-87.642984,14,0,0
2013-08-01,T083,41.754292,-87.590773,7,0,0
2013-08-01,T089,41.723195000000004,-87.64997,9,0,594
2013-08-01,T090,41.868077,-87.666901,33,0,0
2013-08-01,T094,41.720848,-87.666014,4,1,219
2013-08-01,T095,41.704336,-87.70373599999999,6,0,0
2013-08-01,T099,41.733643,-87.55551,6,0,0
2013-08-01,T102,41.750498,-87.605294,9,0,48
2013-08-01,T114,41.798697,-87.736812,12,0,0
2013-08-01,T115,41.673408,-87.599862,44,0,0
2013-08-01,T128,41.704572,-87.56566600000001,27,0,0
2013-08-01,T135,41.662014,-87.72460799999999,42,0,0
2013-08-01,T138,41.726465000000005,-87.585413,1,0,81
2013-08-01,T145,41.878114000000004,-87.629798,2,0,0
2013-08-01,T147,41.932094,-87.70011700000002,61,1,400
2013-08-01,T151,41.916265,-87.800515,88,0,0
2013-08-01,T152,41.846075,-87.716277,61,0,0
2013-08-01,T155,41.776156,-87.778927,6,0,0
2013-08-01,T158,41.682587,-87.707973,133,0,0
2013-08-01,T159,41.732984,-87.64964200000001,25,0,587
2013-08-01,T209,41.740641,-87.546587,34,0,0
2013-08-01,T212,41.680946,-87.535198,13,0,0
2013-08-01,T220,41.963976,-87.69181,1,0,0
2013-08-01,T221,41.659112,-87.53869300000001,86,1,0
2013-08-01,T222,41.925197999999995,-87.746381,2,0,0
2013-08-01,T223,41.973845000000004,-87.805059,3,0,0
2013-08-01,T224,41.947227000000005,-87.67145699999999,29,1,41
2013-08-01,T225,41.743402,-87.73143499999999,28,1,0
2013-08-01,T226,41.793818,-87.65423400000002,12,0,0
2013-08-01,T227,41.728495,-87.60096300000002,32,1,205
2013-08-01,T228,41.951865999999995,-87.72505699999999,44,0,610
2013-08-01,T230,41.904194,-87.756155,10,0,1
2013-08-01,T231,41.98728,-87.666066,44,1,0
2013-08-01,T232,41.912563,-87.66805500000001,20,0,0
2013-08-01,T233,42.009876,-87.807277,19,0,484
2013-08-01,T235,41.776428,-87.627096,19,0,0
2013-08-01,T236,41.994679,-87.770899,101,0,170
2013-08-01,T900,41.974689000000005,-87.890615,984,1,0
2013-08-01,T903,41.957799,-87.930995,44,0,0
2013-08-08,T002,41.95469,-87.800991,196,1,184
2013-08-08,T003,41.964242,-87.757639,28,1,0
2013-08-08,T008,42.008314,-87.77792099999999,165,0,0
2013-08-08,T009,41.992478000000006,-87.862995,108,1,0
2013-08-08,T011,41.944869,-87.832763,17,1,0
2013-08-08,T012,41.991429,-87.747113,56,0,0
2013-08-08,T013,41.923738,-87.785288,141,1,222
2013-08-08,T017,41.960615999999995,-87.777189,16,0,60
2013-08-08,T018,42.010412,-87.66214000000001,1,0,0
2013-08-08,T027,41.984809000000006,-87.728492,61,1,0
2013-08-08,T028,41.986921,-87.689778,55,0,556
2013-08-08,T030,41.899229999999996,-87.716788,83,1,0
2013-08-08,T031,41.801497999999995,-87.763416,4,0,0
2013-08-08,T033,41.906638,-87.701431,25,0,0
2013-08-08,T035,41.763733,-87.742302,7,0,35
2013-08-08,T039,41.911823999999996,-87.726737,25,0,0
2013-08-08,T043,41.857402,-87.694991,10,0,0
2013-08-08,T046,41.891118,-87.65449100000001,2,0,0
2013-08-08,T047,41.868142,-87.696269,10,0,0
2013-08-08,T048,41.867108,-87.654224,47,0,0
2013-08-08,T049,41.896282,-87.655232,3,0,0
2013-08-08,T054,41.921965,-87.632085,4,0,0
2013-08-08,T054C,41.925652,-87.63359,47,0,0
2013-08-08,T061,41.801179,-87.679447,74,1,0
2013-08-08,T062,41.800737,-87.71188000000001,34,0,0
2013-08-08,T063,41.82561,-87.726549,7,0,0
2013-08-08,T065,41.778296999999995,-87.752411,17,1,17
2013-08-08,T066,41.77166,-87.703047,154,1,237
2013-08-08,T069,41.768388,-87.678649,26,0,0
2013-08-08,T073,41.773215,-87.60088,3,0,0
2013-08-08,T074,41.822536,-87.66634300000003,24,0,0
2013-08-08,T077,41.778748,-87.586427,1,0,0
2013-08-08,T079,41.766202,-87.562889,4,0,0
2013-08-08,T080,41.754676,-87.61292199999998,35,1,0
2013-08-08,T082,41.803422999999995,-87.642984,25,1,0
2013-08-08,T083,41.754292,-87.590773,49,0,0
2013-08-08,T089,41.723195000000004,-87.64997,8,1,0
2013-08-08,T090,41.868077,-87.666901,28,0,0
2013-08-08,T094,41.720848,-87.666014,64,0,0
2013-08-08,T095,41.704336,-87.70373599999999,6,0,0
2013-08-08,T099,41.733643,-87.55551,3,0,0
2013-08-08,T102,41.750498,-87.605294,9,0,0
2013-08-08,T114,41.798697,-87.736812,39,0,0
2013-08-08,T115,41.673408,-87.599862,96,1,0
2013-08-08,T128,41.704572,-87.56566600000001,35,0,0
2013-08-08,T135,41.662014,-87.72460799999999,61,0,0
2013-08-08,T138,41.726465000000005,-87.585413,23,0,0
2013-08-08,T145,41.878114000000004,-87.629798,3,0,0
2013-08-08,T147,41.932094,-87.700117,5,0,0
2013-08-08,T151,41.916265,-87.800515,82,1,153
2013-08-08,T152,41.846075,-87.716277,3,0,0
2013-08-08,T155,41.776156,-87.778927,28,1,0
2013-08-08,T158,41.682587,-87.707973,154,1,0
2013-08-08,T159,41.732984,-87.64964200000001,53,0,0
2013-08-08,T209,41.740641,-87.546587,48,0,0
2013-08-08,T212,41.680946,-87.535198,13,0,0
2013-08-08,T220,41.963976,-87.69181,9,0,0
2013-08-08,T221,41.659112,-87.53869300000001,115,0,0
2013-08-08,T222,41.925197999999995,-87.746381,9,0,0
2013-08-08,T223,41.973845000000004,-87.805059,41,1,337
2013-08-08,T224,41.947227000000005,-87.67145699999999,5,0,0
2013-08-08,T225,41.743402,-87.73143499999999,121,1,0
2013-08-08,T226,41.793818,-87.65423400000002,45,1,0
2013-08-08,T227,41.728495,-87.60096300000002,18,1,0
2013-08-08,T228,41.951865999999995,-87.72505699999999,25,0,0
2013-08-08,T230,41.904194,-87.75615499999999,31,1,326
2013-08-08,T231,41.98728,-87.666066,42,0,166
2013-08-08,T232,41.912563,-87.66805500000001,14,0,0
2013-08-08,T233,42.009876,-87.807277,145,1,0
2013-08-08,T235,41.776428,-87.627096,34,0,0
2013-08-08,T236,41.994679,-87.770899,43,0,0
2013-08-08,T900,41.974689000000005,-87.89061500000001,163,1,0
2013-08-08,T903,41.957799,-87.930995,3,0,0
2013-08-15,T002,41.95469,-87.800991,11,0,0
2013-08-15,T003,41.964242,-87.757639,9,0,0
2013-08-15,T008,42.008314,-87.77792099999999,59,0,374
2013-08-15,T009,41.992478000000006,-87.862995,33,0,0
2013-08-15,T011,41.944869,-87.832763,23,0,0
2013-08-15,T012,41.991429,-87.747113,19,0,0
2013-08-15,T013,41.923738,-87.785288,40,1,0
2013-08-15,T017,41.960615999999995,-87.777189,7,0,136
2013-08-15,T018,42.010412,-87.66214000000001,3,0,0
2013-08-15,T027,41.984809000000006,-87.728492,9,0,0
2013-08-15,T028,41.986921,-87.689778,139,1,0
2013-08-15,T030,41.899229999999996,-87.716788,166,1,195
2013-08-15,T031,41.801497999999995,-87.763416,7,0,0
2013-08-15,T033,41.906638,-87.701431,51,0,0
2013-08-15,T035,41.763733,-87.742302,18,0,0
2013-08-15,T039,41.911823999999996,-87.726737,2,0,0
2013-08-15,T043,41.857402,-87.694991,19,0,0
2013-08-15,T046,41.891118,-87.65449100000001,11,0,0
2013-08-15,T047,41.868142,-87.696269,51,1,0
2013-08-15,T048,41.867108,-87.654224,53,0,0
2013-08-15,T049,41.896282,-87.655232,2,0,0
2013-08-15,T054,41.921965,-87.632085,13,0,0
2013-08-15,T054C,41.925652,-87.63359,60,1,0
2013-08-15,T061,41.801179,-87.679447,59,1,0
2013-08-15,T062,41.800737,-87.71188000000001,6,0,0
2013-08-15,T063,41.82561,-87.726549,3,0,0
2013-08-15,T065,41.778296999999995,-87.752411,8,0,0
2013-08-15,T066,41.77166,-87.703047,71,1,0
2013-08-15,T069,41.768388,-87.678649,39,0,0
2013-08-15,T073,41.773215,-87.60088,11,0,0
2013-08-15,T074,41.822536,-87.66634300000001,35,0,0
2013-08-15,T077,41.778748,-87.586427,2,0,0
2013-08-15,T079,41.766202,-87.562889,20,0,0
2013-08-15,T080,41.754676,-87.61292199999998,47,0,66
2013-08-15,T082,41.803422999999995,-87.642984,10,0,0
2013-08-15,T083,41.754292,-87.590773,3,0,0
2013-08-15,T089,41.723195000000004,-87.64997,9,0,594
2013-08-15,T090,41.868077,-87.666901,9,0,0
2013-08-15,T094,41.720848,-87.666014,8,1,219
2013-08-15,T095,41.704336,-87.70373599999999,5,0,0
2013-08-15,T099,41.733643,-87.55551,3,0,0
2013-08-15,T102,41.750498,-87.605294,4,0,48
2013-08-15,T114,41.798697,-87.736812,57,0,0
2013-08-15,T115,41.673408,-87.599862,5,0,0
2013-08-15,T128,41.704572,-87.56566600000001,46,0,0
2013-08-15,T135,41.662014,-87.72460799999999,18,0,0
2013-08-15,T138,41.726465000000005,-87.585413,7,0,81
2013-08-15,T145,41.878114000000004,-87.629798,3,0,0
2013-08-15,T147,41.932094,-87.700117,7,0,400
2013-08-15,T151,41.916265,-87.800515,20,1,0
2013-08-15,T152,41.846075,-87.716277,4,0,0
2013-08-15,T158,41.682587,-87.707973,40,0,0
2013-08-15,T159,41.732984,-87.64964200000001,44,0,587
2013-08-15,T209,41.740641,-87.546587,48,0,0
2013-08-15,T220,41.963976,-87.69181,7,0,0
2013-08-15,T221,41.659112,-87.53869300000001,23,0,0
2013-08-15,T222,41.925197999999995,-87.746381,2,0,0
2013-08-15,T223,41.973845000000004,-87.80505899999999,17,1,0
2013-08-15,T224,41.947227000000005,-87.67145699999999,30,0,41
2013-08-15,T225,41.743402,-87.731435,21,0,0
2013-08-15,T226,41.793818,-87.654234,12,1,0
2013-08-15,T227,41.728495,-87.60096300000002,74,1,205
2013-08-15,T228,41.951865999999995,-87.72505699999999,11,0,610
2013-08-15,T230,41.904194,-87.756155,15,1,1
2013-08-15,T231,41.98728,-87.666066,20,0,0
2013-08-15,T232,41.912563,-87.66805500000001,9,0,0
2013-08-15,T233,42.009876,-87.807277,34,0,484
2013-08-15,T235,41.776428,-87.627096,44,1,0
2013-08-15,T236,41.994679,-87.770899,20,0,170
2013-08-15,T900,41.974689000000005,-87.89061500000001,151,1,0
2013-08-22,T002,41.95469,-87.800991,46,1,184
2013-08-22,T003,41.964242,-87.757639,23,1,0
2013-08-22,T008,42.008314,-87.77792099999999,124,0,0
2013-08-22,T009,41.992478000000006,-87.862995,95,0,0
2013-08-22,T011,41.944869,-87.832763,3,0,0
2013-08-22,T012,41.991429,-87.747113,12,1,0
2013-08-22,T013,41.923738,-87.785288,12,0,222
2013-08-22,T017,41.960615999999995,-87.777189,9,0,60
2013-08-22,T018,42.010412,-87.66214000000001,2,0,0
2013-08-22,T027,41.984809000000006,-87.728492,37,1,0
2013-08-22,T028,41.986921,-87.689778,14,1,556
2013-08-22,T030,41.899229999999996,-87.716788,83,1,0
2013-08-22,T031,41.801497999999995,-87.763416,22,0,0
2013-08-22,T033,41.906638,-87.701431,27,1,0
2013-08-22,T035,41.763733,-87.742302,5,0,35
2013-08-22,T039,41.911823999999996,-87.726737,9,0,0
2013-08-22,T043,41.857402,-87.694991,2,0,0
2013-08-22,T046,41.891118,-87.65449100000001,24,0,0
2013-08-22,T047,41.868142,-87.696269,13,1,0
2013-08-22,T048,41.867108,-87.654224,77,1,0
2013-08-22,T049,41.896282,-87.655232,2,0,0
2013-08-22,T054,41.921965,-87.632085,15,0,0
2013-08-22,T054C,41.925652,-87.63359,30,0,0
2013-08-22,T061,41.801179,-87.679447,8,1,0
2013-08-22,T062,41.800737,-87.71188000000001,4,0,0
2013-08-22,T063,41.82561,-87.72654900000002,14,1,0
2013-08-22,T065,41.778296999999995,-87.752411,2,0,17
2013-08-22,T066,41.77166,-87.70304700000001,48,1,237
2013-08-22,T069,41.768388,-87.678649,10,0,0
2013-08-22,T073,41.773215,-87.60088,5,0,0
2013-08-22,T074,41.822536,-87.66634300000003,11,0,0
2013-08-22,T077,41.778748,-87.586427,3,0,0
2013-08-22,T079,41.766202,-87.562889,5,0,0
2013-08-22,T080,41.754676,-87.612922,26,0,0
2013-08-22,T082,41.803422999999995,-87.642984,15,1,0
2013-08-22,T083,41.754292,-87.590773,9,0,0
2013-08-22,T089,41.723195000000004,-87.64997,6,0,0
2013-08-22,T090,41.868077,-87.666901,49,0,0
2013-08-22,T094,41.720848,-87.666014,9,0,0
2013-08-22,T095,41.704336,-87.70373599999999,18,0,0
2013-08-22,T099,41.733643,-87.55551,5,0,0
2013-08-22,T102,41.750498,-87.605294,14,0,0
2013-08-22,T114,41.798697,-87.736812,19,0,0
2013-08-22,T115,41.673408,-87.59986199999999,44,0,0
2013-08-22,T128,41.704572,-87.56566600000001,54,0,0
2013-08-22,T135,41.662014,-87.72460799999999,17,0,0
2013-08-22,T138,41.726465000000005,-87.585413,10,0,0
2013-08-22,T145,41.878114000000004,-87.629798,8,0,0
2013-08-22,T147,41.932094,-87.700117,8,0,0
2013-08-22,T151,41.916265,-87.800515,21,0,153
2013-08-22,T152,41.846075,-87.716277,22,1,0
2013-08-22,T155,41.776156,-87.778927,7,0,0
2013-08-22,T158,41.682587,-87.707973,64,0,0
2013-08-22,T159,41.732984,-87.649642,49,0,0
2013-08-22,T209,41.740641,-87.546587,46,0,0
2013-08-22,T212,41.680946,-87.535198,19,0,0
2013-08-22,T220,41.963976,-87.69181,4,1,0
2013-08-22,T221,41.659112,-87.53869300000001,20,0,0
2013-08-22,T222,41.925197999999995,-87.746381,7,0,0
2013-08-22,T223,41.973845000000004,-87.805059,21,0,337
2013-08-22,T224,41.947227000000005,-87.67145699999999,28,0,0
2013-08-22,T225,41.743402,-87.73143499999999,68,1,0
2013-08-22,T227,41.728495,-87.60096300000002,43,1,0
2013-08-22,T228,41.951865999999995,-87.72505699999999,59,1,0
2013-08-22,T230,41.904194,-87.756155,3,0,326
2013-08-22,T231,41.98728,-87.666066,80,1,166
2013-08-22,T232,41.912563,-87.66805500000001,3,1,0
2013-08-22,T233,42.009876,-87.807277,79,1,0
2013-08-22,T235,41.776428,-87.627096,33,1,0
2013-08-22,T236,41.994679,-87.770899,48,0,0
2013-08-22,T900,41.974689000000005,-87.89061500000001,230,1,0
2013-08-22,T903,41.957799,-87.930995,2,0,0
2013-08-29,T002,41.95469,-87.800991,70,1,0
2013-08-29,T003,41.964242,-87.757639,30,1,0
2013-08-29,T008,42.008314,-87.77792099999999,51,1,374
2013-08-29,T009,41.992478000000006,-87.862995,196,1,0
2013-08-29,T011,41.944869,-87.832763,7,0,0
2013-08-29,T012,41.991429,-87.747113,18,0,0
2013-08-29,T013,41.923738,-87.785288,124,0,0
2013-08-29,T017,41.960615999999995,-87.777189,11,0,136
2013-08-29,T018,42.010412,-87.66214000000001,4,0,0
2013-08-29,T027,41.984809000000006,-87.728492,5,0,0
2013-08-29,T028,41.986921,-87.689778,22,1,0
2013-08-29,T030,41.899229999999996,-87.716788,47,0,195
2013-08-29,T031,41.801497999999995,-87.763416,24,1,0
2013-08-29,T033,41.906638,-87.701431,15,1,0
2013-08-29,T035,41.763733,-87.742302,8,0,0
2013-08-29,T039,41.911823999999996,-87.726737,19,1,0
2013-08-29,T043,41.857402,-87.694991,3,0,0
2013-08-29,T046,41.891118,-87.65449100000001,14,0,0
2013-08-29,T047,41.868142,-87.696269,8,0,0
2013-08-29,T048,41.867108,-87.654224,33,0,0
2013-08-29,T049,41.896282,-87.655232,5,0,0
2013-08-29,T054,41.921965,-87.632085,12,0,0
2013-08-29,T054C,41.925652,-87.63359,1,0,0
2013-08-29,T062,41.800737,-87.71188000000001,4,0,0
2013-08-29,T063,41.82561,-87.726549,9,0,0
2013-08-29,T065,41.778296999999995,-87.752411,7,0,0
2013-08-29,T066,41.77166,-87.703047,51,0,0
2013-08-29,T069,41.768388,-87.678649,10,0,0
2013-08-29,T073,41.773215,-87.60088,9,0,0
2013-08-29,T074,41.822536,-87.66634300000001,14,0,0
2013-08-29,T077,41.778748,-87.586427,3,0,0
2013-08-29,T079,41.766202,-87.562889,11,0,0
2013-08-29,T080,41.754676,-87.612922,10,0,66
2013-08-29,T082,41.803422999999995,-87.642984,35,0,0
2013-08-29,T083,41.754292,-87.590773,5,0,0
2013-08-29,T089,41.723195000000004,-87.64997,11,1,594
2013-08-29,T090,41.868077,-87.666901,197,1,0
2013-08-29,T094,41.720848,-87.666014,1,0,219
2013-08-29,T095,41.704336,-87.70373599999999,28,1,0
2013-08-29,T099,41.733643,-87.55551,3,0,0
2013-08-29,T102,41.750498,-87.605294,12,0,48
2013-08-29,T114,41.798697,-87.736812,13,1,0
2013-08-29,T115,41.673408,-87.599862,35,0,0
2013-08-29,T128,41.704572,-87.56566600000001,124,1,0
2013-08-29,T135,41.662014,-87.72460799999999,17,0,0
2013-08-29,T138,41.726465000000005,-87.585413,11,0,81
2013-08-29,T145,41.878114000000004,-87.629798,13,0,0
2013-08-29,T147,41.932094,-87.700117,11,0,400
2013-08-29,T151,41.916265,-87.800515,17,0,0
2013-08-29,T152,41.846075,-87.716277,7,0,0
2013-08-29,T155,41.776156,-87.778927,14,1,0
2013-08-29,T158,41.682587,-87.707973,8,0,0
2013-08-29,T159,41.732984,-87.64964200000001,72,1,587
2013-08-29,T209,41.740641,-87.546587,31,0,0
2013-08-29,T212,41.680946,-87.535198,2,0,0
2013-08-29,T220,41.963976,-87.69181,1,0,0
2013-08-29,T221,41.659112,-87.53869300000001,32,1,0
2013-08-29,T222,41.925197999999995,-87.746381,17,1,0
2013-08-29,T223,41.973845000000004,-87.805059,50,0,0
2013-08-29,T224,41.947227000000005,-87.67145699999999,13,0,41
2013-08-29,T225,41.743402,-87.731435,52,1,0
2013-08-29,T226,41.793818,-87.654234,2,0,0
2013-08-29,T227,41.728495,-87.60096300000001,24,0,205
2013-08-29,T228,41.951865999999995,-87.72505699999999,11,0,610
2013-08-29,T230,41.904194,-87.756155,2,0,1
2013-08-29,T231,41.98728,-87.666066,50,1,0
2013-08-29,T232,41.912563,-87.66805500000001,21,0,0
2013-08-29,T233,42.009876,-87.807277,200,1,484
2013-08-29,T235,41.776428,-87.627096,12,1,0
2013-08-29,T236,41.994679,-87.770899,17,0,170
2013-08-29,T900,41.974689000000005,-87.89061500000001,608,1,0
2013-08-29,T903,41.957799,-87.930995,11,0,0
2013-09-06,T002,41.95469,-87.800991,90,0,0
2013-09-06,T003,41.964242,-87.757639,48,1,0
2013-09-06,T008,42.008314,-87.77792099999999,22,0,374
2013-09-06,T009,41.992478000000006,-87.862995,57,1,0
2013-09-06,T011,41.944869,-87.832763,19,0,0
2013-09-06,T012,41.991429,-87.747113,1,0,0
2013-09-06,T013,41.923738,-87.785288,36,1,0
2013-09-06,T017,41.960615999999995,-87.777189,9,0,136
2013-09-06,T018,42.010412,-87.66214000000001,2,0,0
2013-09-06,T027,41.984809000000006,-87.728492,22,1,0
2013-09-06,T030,41.899229999999996,-87.716788,69,1,195
2013-09-06,T031,41.801497999999995,-87.763416,59,0,0
2013-09-06,T033,41.906638,-87.701431,109,1,0
2013-09-06,T035,41.763733,-87.742302,31,1,0
2013-09-06,T039,41.911823999999996,-87.726737,28,0,0
2013-09-06,T043,41.857402,-87.694991,4,0,0
2013-09-06,T046,41.891118,-87.65449100000001,15,0,0
2013-09-06,T047,41.868142,-87.696269,32,0,0
2013-09-06,T048,41.867108,-87.654224,36,0,0
2013-09-06,T049,41.896282,-87.655232,9,0,0
2013-09-06,T054,41.921965,-87.632085,129,1,0
2013-09-06,T054C,41.925652,-87.63359,3,0,0
2013-09-06,T061,41.801179,-87.679447,30,1,0
2013-09-06,T062,41.800737,-87.71188000000001,5,0,0
2013-09-06,T063,41.82561,-87.726549,18,0,0
2013-09-06,T065,41.778296999999995,-87.752411,19,0,0
2013-09-06,T066,41.77166,-87.703047,35,0,0
2013-09-06,T069,41.768388,-87.678649,30,1,0
2013-09-06,T073,41.773215,-87.60088,12,0,0
2013-09-06,T074,41.822536,-87.66634300000001,40,0,0
2013-09-06,T077,41.778748,-87.586427,6,1,0
2013-09-06,T079,41.766202,-87.562889,2,0,0
2013-09-06,T080,41.754676,-87.61292199999998,54,0,66
2013-09-06,T082,41.803422999999995,-87.642984,1,0,0
2013-09-06,T083,41.754292,-87.590773,1,0,0
2013-09-06,T089,41.723195000000004,-87.64997,10,0,594
2013-09-06,T090,41.868077,-87.666901,14,0,0
2013-09-06,T094,41.720848,-87.666014,31,0,219
2013-09-06,T095,41.704336,-87.70373599999999,6,0,0
2013-09-06,T102,41.750498,-87.605294,26,0,48
2013-09-06,T114,41.798697,-87.736812,89,1,0
2013-09-06,T115,41.673408,-87.599862,22,0,0
2013-09-06,T128,41.704572,-87.56566600000001,51,0,0
2013-09-06,T135,41.662014,-87.72460799999999,8,0,0
2013-09-06,T138,41.726465000000005,-87.585413,10,0,81
2013-09-06,T145,41.878114000000004,-87.629798,37,0,0
2013-09-06,T151,41.916265,-87.800515,31,1,0
2013-09-06,T152,41.846075,-87.716277,15,0,0
2013-09-06,T155,41.776156,-87.778927,7,0,0
2013-09-06,T158,41.682587,-87.707973,32,0,0
2013-09-06,T159,41.732984,-87.649642,68,0,587
2013-09-06,T209,41.740641,-87.546587,31,0,0
2013-09-06,T212,41.680946,-87.535198,5,0,0
2013-09-06,T220,41.963976,-87.69181,82,1,0
2013-09-06,T221,41.659112,-87.53869300000001,12,0,0
2013-09-06,T222,41.925197999999995,-87.746381,5,0,0
2013-09-06,T223,41.973845000000004,-87.805059,33,1,0
2013-09-06,T224,41.947227000000005,-87.67145699999999,13,0,41
2013-09-06,T225,41.743402,-87.731435,18,1,0
2013-09-06,T226,41.793818,-87.65423400000002,22,0,0
2013-09-06,T227,41.728495,-87.60096300000001,21,0,205
2013-09-06,T228,41.951865999999995,-87.72505699999999,33,1,610
2013-09-06,T230,41.904194,-87.756155,6,0,1
2013-09-06,T231,41.98728,-87.666066,22,0,0
2013-09-06,T232,41.912563,-87.66805500000001,10,0,0
2013-09-06,T233,42.009876,-87.807277,33,1,484
2013-09-06,T235,41.776428,-87.627096,37,1,0
2013-09-06,T236,41.994679,-87.770899,17,1,170
2013-09-06,T900,41.974689000000005,-87.89061500000001,550,1,0
2013-09-06,T903,41.957799,-87.930995,20,0,0
2013-09-12,T002,41.95469,-87.800991,44,1,0
2013-09-12,T003,41.964242,-87.757639,10,0,0
2013-09-12,T008,42.008314,-87.77792099999999,17,0,374
2013-09-12,T009,41.992478000000006,-87.862995,40,0,0
2013-09-12,T011,41.944869,-87.832763,26,1,0
2013-09-12,T012,41.991429,-87.747113,6,0,0
2013-09-12,T013,41.923738,-87.785288,21,1,0
2013-09-12,T017,41.960615999999995,-87.777189,13,0,136
2013-09-12,T018,42.010412,-87.66214000000001,8,0,0
2013-09-12,T027,41.984809000000006,-87.728492,24,1,0
2013-09-12,T028,41.986921,-87.689778,82,1,0
2013-09-12,T030,41.899229999999996,-87.716788,45,0,195
2013-09-12,T031,41.801497999999995,-87.763416,20,0,0
2013-09-12,T033,41.906638,-87.701431,12,0,0
2013-09-12,T035,41.763733,-87.742302,18,0,0
2013-09-12,T039,41.911823999999996,-87.726737,14,1,0
2013-09-12,T043,41.857402,-87.694991,5,0,0
2013-09-12,T046,41.891118,-87.65449100000001,9,0,0
2013-09-12,T047,41.868142,-87.69626899999999,36,0,0
2013-09-12,T048,41.867108,-87.654224,39,0,0
2013-09-12,T049,41.896282,-87.655232,8,0,0
2013-09-12,T054,41.921965,-87.632085,96,1,0
2013-09-12,T054C,41.925652,-87.63359,2,0,0
2013-09-12,T061,41.801179,-87.679447,19,0,0
2013-09-12,T065,41.778296999999995,-87.752411,29,0,0
2013-09-12,T066,41.77166,-87.703047,105,1,0
2013-09-12,T069,41.768388,-87.678649,6,0,0
2013-09-12,T073,41.773215,-87.60088,6,0,0
2013-09-12,T074,41.822536,-87.66634300000001,7,0,0
2013-09-12,T077,41.778748,-87.586427,7,0,0
2013-09-12,T079,41.766202,-87.562889,1,0,0
2013-09-12,T080,41.754676,-87.612922,4,0,66
2013-09-12,T082,41.803422999999995,-87.642984,3,0,0
2013-09-12,T083,41.754292,-87.590773,1,0,0
2013-09-12,T089,41.723195000000004,-87.64997,11,0,594
2013-09-12,T090,41.868077,-87.666901,21,1,0
2013-09-12,T094,41.720848,-87.666014,14,0,219
2013-09-12,T095,41.704336,-87.70373599999999,10,0,0
2013-09-12,T102,41.750498,-87.605294,16,1,48
2013-09-12,T114,41.798697,-87.736812,23,1,0
2013-09-12,T115,41.673408,-87.599862,222,1,0
2013-09-12,T128,41.704572,-87.56566600000001,73,0,0
2013-09-12,T135,41.662014,-87.72460799999999,18,1,0
2013-09-12,T138,41.726465000000005,-87.585413,4,0,81
2013-09-12,T145,41.878114000000004,-87.629798,1,0,0
2013-09-12,T147,41.932094,-87.70011700000002,21,1,400
2013-09-12,T152,41.846075,-87.716277,14,0,0
2013-09-12,T155,41.776156,-87.778927,19,0,0
2013-09-12,T158,41.682587,-87.707973,20,0,0
2013-09-12,T159,41.732984,-87.649642,29,0,587
2013-09-12,T209,41.740641,-87.546587,28,0,0
2013-09-12,T212,41.680946,-87.535198,11,0,0
2013-09-12,T220,41.963976,-87.69181,28,0,0
2013-09-12,T221,41.659112,-87.53869300000001,17,0,0
2013-09-12,T222,41.925197999999995,-87.746381,3,0,0
2013-09-12,T223,41.973845000000004,-87.805059,5,1,0
2013-09-12,T224,41.947227000000005,-87.67145699999999,30,0,41
2013-09-12,T225,41.743402,-87.73143499999999,53,1,0
2013-09-12,T226,41.793818,-87.654234,8,0,0
2013-09-12,T227,41.728495,-87.60096300000001,16,0,205
2013-09-12,T228,41.951865999999995,-87.72505699999999,6,0,610
2013-09-12,T230,41.904194,-87.75615499999999,115,0,1
2013-09-12,T231,41.98728,-87.666066,4,0,0
2013-09-12,T232,41.912563,-87.66805500000002,8,1,0
2013-09-12,T233,42.009876,-87.807277,42,0,484
2013-09-12,T235,41.776428,-87.627096,27,1,0
2013-09-12,T236,41.994679,-87.770899,15,0,170
2013-09-12,T900,41.974689000000005,-87.89061500000001,485,1,0
2013-09-12,T903,41.957799,-87.930995,10,0,0
2013-09-19,T002,41.95469,-87.800991,27,0,184
2013-09-19,T003,41.964242,-87.757639,5,0,0
2013-09-19,T008,42.008314,-87.77792099999999,11,0,0
2013-09-19,T009,41.992478000000006,-87.862995,3,0,0
2013-09-19,T011,41.944869,-87.832763,11,1,0
2013-09-19,T012,41.991429,-87.747113,11,1,0
2013-09-19,T013,41.923738,-87.785288,30,1,222
2013-09-19,T017,41.960615999999995,-87.777189,10,0,60
2013-09-19,T018,42.010412,-87.66214000000001,3,0,0
2013-09-19,T027,41.984809000000006,-87.728492,18,0,0
2013-09-19,T028,41.986921,-87.689778,14,0,556
2013-09-19,T030,41.899229999999996,-87.716788,36,1,0
2013-09-19,T031,41.801497999999995,-87.763416,19,0,0
2013-09-19,T033,41.906638,-87.701431,16,0,0
2013-09-19,T035,41.763733,-87.742302,20,0,35
2013-09-19,T039,41.911823999999996,-87.726737,30,0,0
2013-09-19,T043,41.857402,-87.694991,1,0,0
2013-09-19,T046,41.891118,-87.65449100000001,1,0,0
2013-09-19,T047,41.868142,-87.696269,34,0,0
2013-09-19,T048,41.867108,-87.654224,12,0,0
2013-09-19,T049,41.896282,-87.655232,1,0,0
2013-09-19,T054,41.921965,-87.632085,67,1,0
2013-09-19,T054C,41.925652,-87.63359,2,0,0
2013-09-19,T061,41.801179,-87.679447,13,0,0
2013-09-19,T062,41.800737,-87.71188000000001,7,0,0
2013-09-19,T063,41.82561,-87.726549,13,0,0
2013-09-19,T065,41.778296999999995,-87.752411,5,0,17
2013-09-19,T066,41.77166,-87.703047,23,0,237
2013-09-19,T069,41.768388,-87.678649,13,0,0
2013-09-19,T073,41.773215,-87.60088,8,0,0
2013-09-19,T074,41.822536,-87.66634300000001,1,0,0
2013-09-19,T077,41.778748,-87.586427,2,0,0
2013-09-19,T079,41.766202,-87.562889,1,0,0
2013-09-19,T080,41.754676,-87.612922,11,0,0
2013-09-19,T082,41.803422999999995,-87.642984,2,0,0
2013-09-19,T083,41.754292,-87.590773,2,0,0
2013-09-19,T089,41.723195000000004,-87.64997,6,1,0
2013-09-19,T090,41.868077,-87.666901,8,1,0
2013-09-19,T094,41.720848,-87.666014,11,0,0
2013-09-19,T095,41.704336,-87.70373599999999,3,0,0
2013-09-19,T099,41.733643,-87.55551,3,0,0
2013-09-19,T102,41.750498,-87.605294,6,0,0
2013-09-19,T114,41.798697,-87.736812,9,0,0
2013-09-19,T115,41.673408,-87.599862,18,0,0
2013-09-19,T128,41.704572,-87.56566600000001,15,0,0
2013-09-19,T135,41.662014,-87.72460799999999,22,0,0
2013-09-19,T138,41.726465000000005,-87.585413,16,0,0
2013-09-19,T145,41.878114000000004,-87.629798,9,0,0
2013-09-19,T147,41.932094,-87.700117,2,0,0
2013-09-19,T151,41.916265,-87.800515,36,0,153
2013-09-19,T152,41.846075,-87.716277,1,0,0
2013-09-19,T155,41.776156,-87.778927,7,0,0
2013-09-19,T158,41.682587,-87.707973,38,0,0
2013-09-19,T159,41.732984,-87.649642,3,0,0
2013-09-19,T209,41.740641,-87.546587,20,0,0
2013-09-19,T212,41.680946,-87.535198,3,0,0
2013-09-19,T220,41.963976,-87.69181,8,0,0
2013-09-19,T221,41.659112,-87.53869300000001,23,1,0
2013-09-19,T222,41.925197999999995,-87.746381,3,0,0
2013-09-19,T223,41.973845000000004,-87.805059,12,0,337
2013-09-19,T224,41.947227000000005,-87.67145699999999,9,0,0
2013-09-19,T225,41.743402,-87.731435,20,0,0
2013-09-19,T226,41.793818,-87.654234,4,0,0
2013-09-19,T227,41.728495,-87.60096300000001,11,0,0
2013-09-19,T230,41.904194,-87.756155,47,0,326
2013-09-19,T231,41.98728,-87.666066,9,0,166
2013-09-19,T232,41.912563,-87.66805500000001,4,0,0
2013-09-19,T233,42.009876,-87.807277,21,0,0
2013-09-19,T235,41.776428,-87.627096,15,0,0
2013-09-19,T236,41.994679,-87.770899,2,0,0
2013-09-19,T900,41.974689000000005,-87.89061500000001,123,1,0
2013-09-26,T002,41.95469,-87.800991,13,0,0
2013-09-26,T003,41.964242,-87.757639,13,1,0
2013-09-26,T008,42.008314,-87.77792099999999,10,0,374
2013-09-26,T009,41.992478000000006,-87.862995,1,0,0
2013-09-26,T011,41.944869,-87.832763,9,0,0
2013-09-26,T012,41.991429,-87.747113,2,0,0
2013-09-26,T013,41.923738,-87.785288,5,0,0
2013-09-26,T017,41.960615999999995,-87.777189,2,0,136
2013-09-26,T027,41.984809000000006,-87.728492,5,0,0
2013-09-26,T030,41.899229999999996,-87.716788,17,0,195
2013-09-26,T031,41.801497999999995,-87.763416,6,0,0
2013-09-26,T033,41.906638,-87.701431,2,0,0
2013-09-26,T035,41.763733,-87.742302,6,1,0
2013-09-26,T039,41.911823999999996,-87.726737,8,0,0
2013-09-26,T046,41.891118,-87.65449100000001,1,0,0
2013-09-26,T047,41.868142,-87.696269,11,0,0
2013-09-26,T048,41.867108,-87.654224,7,0,0
2013-09-26,T049,41.896282,-87.655232,4,0,0
2013-09-26,T054,41.921965,-87.632085,19,0,0
2013-09-26,T061,41.801179,-87.679447,9,0,0
2013-09-26,T062,41.800737,-87.71188000000001,7,0,0
2013-09-26,T063,41.82561,-87.726549,12,0,0
2013-09-26,T066,41.77166,-87.703047,6,0,0
2013-09-26,T069,41.768388,-87.678649,6,0,0
2013-09-26,T073,41.773215,-87.60088,1,0,0
2013-09-26,T074,41.822536,-87.66634300000001,5,0,0
2013-09-26,T079,41.766202,-87.562889,1,0,0
2013-09-26,T082,41.803422999999995,-87.642984,4,0,0
2013-09-26,T083,41.754292,-87.590773,2,0,0
2013-09-26,T089,41.723195000000004,-87.64997,4,0,594
2013-09-26,T090,41.868077,-87.666901,2,0,0
2013-09-26,T094,41.720848,-87.666014,12,0,219
2013-09-26,T095,41.704336,-87.70373599999999,3,0,0
2013-09-26,T099,41.733643,-87.55551,5,0,0
2013-09-26,T102,41.750498,-87.605294,4,0,48
2013-09-26,T114,41.798697,-87.736812,4,0,0
2013-09-26,T115,41.673408,-87.599862,7,0,0
2013-09-26,T128,41.704572,-87.56566600000001,11,0,0
2013-09-26,T135,41.662014,-87.72460799999999,7,0,0
2013-09-26,T138,41.726465000000005,-87.585413,10,0,81
2013-09-26,T145,41.878114000000004,-87.629798,2,0,0
2013-09-26,T151,41.916265,-87.800515,8,0,0
2013-09-26,T152,41.846075,-87.716277,2,0,0
2013-09-26,T155,41.776156,-87.778927,4,1,0
2013-09-26,T158,41.682587,-87.707973,8,0,0
2013-09-26,T159,41.732984,-87.649642,27,0,587
2013-09-26,T209,41.740641,-87.546587,18,0,0
2013-09-26,T212,41.680946,-87.535198,3,0,0
2013-09-26,T220,41.963976,-87.69181,8,0,0
2013-09-26,T221,41.659112,-87.53869300000001,14,0,0
2013-09-26,T222,41.925197999999995,-87.746381,1,0,0
2013-09-26,T223,41.973845000000004,-87.805059,12,0,0
2013-09-26,T224,41.947227000000005,-87.67145699999999,3,0,41
2013-09-26,T225,41.743402,-87.731435,3,0,0
2013-09-26,T226,41.793818,-87.654234,8,0,0
2013-09-26,T227,41.728495,-87.60096300000001,8,0,205
2013-09-26,T228,41.951865999999995,-87.72505699999999,3,0,610
2013-09-26,T230,41.904194,-87.756155,18,0,1
2013-09-26,T231,41.98728,-87.666066,5,0,0
2013-09-26,T232,41.912563,-87.66805500000001,1,0,0
2013-09-26,T233,42.009876,-87.807277,5,0,484
2013-09-26,T235,41.776428,-87.627096,1,0,0
2013-09-26,T900,41.974689000000005,-87.89061500000001,80,1,0
